attribution,collection,documentation-url,endpoint,licence,organisation,pipelines,entry-date,start-date,end-date
,article-4-direction,,a87e5975ea7cddd88764f557ad4880e06b58a480cb7bace2da8bcf3c1e5c92ba,,local-authority-eng:LBH,article-4-direction,2021-01-29,2021-01-29,2021-01-13
,article-4-direction,,a87e5975ea7cddd88764f557ad4880e06b58a480cb7bace2da8bcf3c1e5c92ba,,local-authority-eng:SWK,article-4-direction,2021-01-29,2021-01-29,2021-01-13
,article-4-direction,,a87e5975ea7cddd88764f557ad4880e06b58a480cb7bace2da8bcf3c1e5c92ba,,local-authority-eng:BUC,article-4-direction,2021-01-29,2021-01-29,2021-01-13
,article-4-direction,,,,development-corporation:Q20648596,article-4-direction,2021-08-31T16:13:35.527Z,,
,article-4-direction,,,,development-corporation:Q6670544,article-4-direction,2021-08-31T16:13:35.527Z,,
,article-4-direction,,,,development-corporation:Q72456968,article-4-direction,2021-08-31T16:13:35.527Z,,
,article-4-direction,,,,development-corporation:Q72463795,article-4-direction,2021-08-31T16:13:35.527Z,,
,article-4-direction,,,,local-authority-eng:ADU,article-4-direction,2021-08-31T16:13:35.527Z,,
,article-4-direction,,,,local-authority-eng:ALL,article-4-direction,2021-08-31T16:13:35.527Z,,
,article-4-direction,,,,local-authority-eng:AMB,article-4-direction,2021-08-31T16:13:35.527Z,,
,article-4-direction,,,,local-authority-eng:ARU,article-4-direction,2021-08-31T16:13:35.527Z,,
,article-4-direction,,,,local-authority-eng:ASF,article-4-direction,2021-08-31T16:13:35.527Z,,
,article-4-direction,,,,local-authority-eng:ASH,article-4-direction,2021-08-31T16:13:35.527Z,,
,article-4-direction,,,,local-authority-eng:AYL,article-4-direction,2021-08-31T16:13:35.527Z,,2020-03-31
,article-4-direction,,,,local-authority-eng:BAB,article-4-direction,2021-08-31T16:13:35.527Z,,
,article-4-direction,,,,local-authority-eng:BAE,article-4-direction,2021-08-31T16:13:35.527Z,,
,article-4-direction,,,,local-authority-eng:BAI,article-4-direction,2021-08-31T16:13:35.527Z,,
,article-4-direction,,,,local-authority-eng:BAN,article-4-direction,2021-08-31T16:13:35.527Z,,
,article-4-direction,,,,local-authority-eng:BAR,article-4-direction,2021-08-31T16:13:35.527Z,,
,article-4-direction,,,,local-authority-eng:BAS,article-4-direction,2021-08-31T16:13:35.527Z,,
,article-4-direction,,,,local-authority-eng:BBD,article-4-direction,2021-08-31T16:13:35.527Z,,
,article-4-direction,,,,local-authority-eng:BDF,article-4-direction,2021-08-31T16:13:35.527Z,,
,article-4-direction,,,,local-authority-eng:BDG,article-4-direction,2021-08-31T16:13:35.527Z,,
,article-4-direction,,,,local-authority-eng:BEN,article-4-direction,2021-08-31T16:13:35.527Z,,
,article-4-direction,,,,local-authority-eng:BEX,article-4-direction,2021-08-31T16:13:35.527Z,,
,article-4-direction,,,,local-authority-eng:BIR,article-4-direction,2021-08-31T16:13:35.527Z,,
,article-4-direction,,,,local-authority-eng:BLA,article-4-direction,2021-08-31T16:13:35.527Z,,
,article-4-direction,,,,local-authority-eng:BMH,article-4-direction,2021-08-31T16:13:35.528Z,,2019-03-31
,article-4-direction,,,,local-authority-eng:BNE,article-4-direction,2021-08-31T16:13:35.528Z,,
,article-4-direction,,,,local-authority-eng:BNH,article-4-direction,2021-08-31T16:13:35.528Z,,
,article-4-direction,,,,local-authority-eng:BNS,article-4-direction,2021-08-31T16:13:35.528Z,,
,article-4-direction,,,,local-authority-eng:BOL,article-4-direction,2021-08-31T16:13:35.528Z,,
,article-4-direction,,,,local-authority-eng:BOS,article-4-direction,2021-08-31T16:13:35.528Z,,
,article-4-direction,,,,local-authority-eng:BOT,article-4-direction,2021-08-31T16:13:35.528Z,,
,article-4-direction,,,,local-authority-eng:BPC,article-4-direction,2021-08-31T16:13:35.528Z,,
,article-4-direction,,,,local-authority-eng:BPL,article-4-direction,2021-08-31T16:13:35.528Z,,
,article-4-direction,,,,local-authority-eng:BRA,article-4-direction,2021-08-31T16:13:35.528Z,,
,article-4-direction,,,,local-authority-eng:BRC,article-4-direction,2021-08-31T16:13:35.528Z,,
,article-4-direction,,,,local-authority-eng:BRD,article-4-direction,2021-08-31T16:13:35.528Z,,
,article-4-direction,,,,local-authority-eng:BRE,article-4-direction,2021-08-31T16:13:35.528Z,,
,article-4-direction,,,,local-authority-eng:BRM,article-4-direction,2021-08-31T16:13:35.528Z,,
,article-4-direction,,,,local-authority-eng:BRO,article-4-direction,2021-08-31T16:13:35.528Z,,
,article-4-direction,,,,local-authority-eng:BRT,article-4-direction,2021-08-31T16:13:35.528Z,,
,article-4-direction,,,,local-authority-eng:BRW,article-4-direction,2021-08-31T16:13:35.528Z,,
,article-4-direction,,,,local-authority-eng:BRX,article-4-direction,2021-08-31T16:13:35.528Z,,
,article-4-direction,,,,local-authority-eng:BRY,article-4-direction,2021-08-31T16:13:35.528Z,,
,article-4-direction,,,,local-authority-eng:BST,article-4-direction,2021-08-31T16:13:35.528Z,,
,article-4-direction,,,,local-authority-eng:BUN,article-4-direction,2021-08-31T16:13:35.528Z,,
,article-4-direction,,,,local-authority-eng:BUR,article-4-direction,2021-08-31T16:13:35.528Z,,
,article-4-direction,,,,local-authority-eng:CAB,article-4-direction,2021-08-31T16:13:35.528Z,,
,article-4-direction,,,,local-authority-eng:CAN,article-4-direction,2021-08-31T16:13:35.528Z,,
,article-4-direction,,,,local-authority-eng:CAR,article-4-direction,2021-08-31T16:13:35.528Z,,
,article-4-direction,,,,local-authority-eng:CAS,article-4-direction,2021-08-31T16:13:35.528Z,,
,article-4-direction,,,,local-authority-eng:CBF,article-4-direction,2021-08-31T16:13:35.528Z,,
,article-4-direction,,,,local-authority-eng:CHA,article-4-direction,2021-08-31T16:13:35.528Z,,
,article-4-direction,,,,local-authority-eng:CHC,article-4-direction,2021-08-31T16:13:35.528Z,,2019-03-31
,article-4-direction,,,,local-authority-eng:CHE,article-4-direction,2021-08-31T16:13:35.528Z,,
,article-4-direction,,,,local-authority-eng:CHI,article-4-direction,2021-08-31T16:13:35.528Z,,
,article-4-direction,,,,local-authority-eng:CHL,article-4-direction,2021-08-31T16:13:35.528Z,,
,article-4-direction,,,,local-authority-eng:CHN,article-4-direction,2021-08-31T16:13:35.528Z,,2020-03-31
,article-4-direction,,,,local-authority-eng:CHO,article-4-direction,2021-08-31T16:13:35.529Z,,
,article-4-direction,,,,local-authority-eng:CHR,article-4-direction,2021-08-31T16:13:35.529Z,,
,article-4-direction,,,,local-authority-eng:CHS,article-4-direction,2021-08-31T16:13:35.529Z,,
,article-4-direction,,,,local-authority-eng:CHT,article-4-direction,2021-08-31T16:13:35.529Z,,
,article-4-direction,,,,local-authority-eng:CHW,article-4-direction,2021-08-31T16:13:35.529Z,,
,article-4-direction,,,,local-authority-eng:CLD,article-4-direction,2021-08-31T16:13:35.529Z,,
,article-4-direction,,,,local-authority-eng:CMD,article-4-direction,2021-08-31T16:13:35.529Z,,
,article-4-direction,,,,local-authority-eng:COL,article-4-direction,2021-08-31T16:13:35.529Z,,
,article-4-direction,,,,local-authority-eng:CON,article-4-direction,2021-08-31T16:13:35.529Z,,
,article-4-direction,,,,local-authority-eng:COP,article-4-direction,2021-08-31T16:13:35.529Z,,
,article-4-direction,,,,local-authority-eng:COR,article-4-direction,2021-08-31T16:13:35.529Z,,
,article-4-direction,,,,local-authority-eng:COT,article-4-direction,2021-08-31T16:13:35.529Z,,
,article-4-direction,,,,local-authority-eng:COV,article-4-direction,2021-08-31T16:13:35.529Z,,
,article-4-direction,,,,local-authority-eng:CRA,article-4-direction,2021-08-31T16:13:35.529Z,,
,article-4-direction,,,,local-authority-eng:CRW,article-4-direction,2021-08-31T16:13:35.529Z,,
,article-4-direction,,,,local-authority-eng:CRY,article-4-direction,2021-08-31T16:13:35.529Z,,
,article-4-direction,,,,local-authority-eng:DAC,article-4-direction,2021-08-31T16:13:35.529Z,,
,article-4-direction,,,,local-authority-eng:DAL,article-4-direction,2021-08-31T16:13:35.529Z,,
,article-4-direction,,,,local-authority-eng:DAR,article-4-direction,2021-08-31T16:13:35.529Z,,
,article-4-direction,,,,local-authority-eng:DAV,article-4-direction,2021-08-31T16:13:35.529Z,,
,article-4-direction,,,,local-authority-eng:DEB,article-4-direction,2021-08-31T16:13:35.529Z,,
,article-4-direction,,,,local-authority-eng:DER,article-4-direction,2021-08-31T16:13:35.529Z,,
,article-4-direction,,,,local-authority-eng:DNC,article-4-direction,2021-08-31T16:13:35.529Z,,
,article-4-direction,,,,local-authority-eng:DOV,article-4-direction,2021-08-31T16:13:35.529Z,,
,article-4-direction,,,,local-authority-eng:DST,article-4-direction,2021-08-31T16:13:35.529Z,,
,article-4-direction,,,,local-authority-eng:DUD,article-4-direction,2021-08-31T16:13:35.529Z,,
,article-4-direction,,,,local-authority-eng:DUR,article-4-direction,2021-08-31T16:13:35.529Z,,
,article-4-direction,,,,local-authority-eng:EAL,article-4-direction,2021-08-31T16:13:35.529Z,,
,article-4-direction,,,,local-authority-eng:EAS,article-4-direction,2021-08-31T16:13:35.529Z,,
,article-4-direction,,,,local-authority-eng:EAT,article-4-direction,2021-08-31T16:13:35.529Z,,
,article-4-direction,,,,local-authority-eng:ECA,article-4-direction,2021-08-31T16:13:35.529Z,,
,article-4-direction,,,,local-authority-eng:EDE,article-4-direction,2021-08-31T16:13:35.529Z,,
,article-4-direction,,,,local-authority-eng:EDN,article-4-direction,2021-08-31T16:13:35.529Z,,
,article-4-direction,,,,local-authority-eng:EDO,article-4-direction,2021-08-31T16:13:35.530Z,,2019-03-31
,article-4-direction,,,,local-authority-eng:EHA,article-4-direction,2021-08-31T16:13:35.530Z,,
,article-4-direction,,,,local-authority-eng:EHE,article-4-direction,2021-08-31T16:13:35.530Z,,
,article-4-direction,,,,local-authority-eng:ELI,article-4-direction,2021-08-31T16:13:35.530Z,,
,article-4-direction,,,,local-authority-eng:ELM,article-4-direction,2021-08-31T16:13:35.530Z,,
,article-4-direction,,,,local-authority-eng:ENF,article-4-direction,2021-08-31T16:13:35.530Z,,
,article-4-direction,,,,local-authority-eng:ENO,article-4-direction,2021-08-31T16:13:35.530Z,,
,article-4-direction,,,,local-authority-eng:EPP,article-4-direction,2021-08-31T16:13:35.530Z,,
,article-4-direction,,,,local-authority-eng:EPS,article-4-direction,2021-08-31T16:13:35.530Z,,
,article-4-direction,,,,local-authority-eng:ERE,article-4-direction,2021-08-31T16:13:35.530Z,,
,article-4-direction,,,,local-authority-eng:ERY,article-4-direction,2021-08-31T16:13:35.530Z,,
,article-4-direction,,,,local-authority-eng:ESK,article-4-direction,2021-08-31T16:13:35.530Z,,
,article-4-direction,,,,local-authority-eng:EST,article-4-direction,2021-08-31T16:13:35.530Z,,
,article-4-direction,,,,local-authority-eng:EXE,article-4-direction,2021-08-31T16:13:35.530Z,,
,article-4-direction,,,,local-authority-eng:FAR,article-4-direction,2021-08-31T16:13:35.530Z,,
,article-4-direction,,,,local-authority-eng:FEN,article-4-direction,2021-08-31T16:13:35.530Z,,
,article-4-direction,,,,local-authority-eng:FOE,article-4-direction,2021-08-31T16:13:35.530Z,,
,article-4-direction,,,,local-authority-eng:FOR,article-4-direction,2021-08-31T16:13:35.530Z,,2019-03-31
,article-4-direction,,,,local-authority-eng:FYL,article-4-direction,2021-08-31T16:13:35.530Z,,
,article-4-direction,,,,local-authority-eng:GAT,article-4-direction,2021-08-31T16:13:35.530Z,,
,article-4-direction,,,,local-authority-eng:GED,article-4-direction,2021-08-31T16:13:35.530Z,,
,article-4-direction,,,,local-authority-eng:GLA,article-4-direction,2021-08-31T16:13:35.530Z,,
,article-4-direction,,,,local-authority-eng:GLO,article-4-direction,2021-08-31T16:13:35.530Z,,
,article-4-direction,,,,local-authority-eng:GOS,article-4-direction,2021-08-31T16:13:35.530Z,,
,article-4-direction,,,,local-authority-eng:GRA,article-4-direction,2021-08-31T16:13:35.530Z,,
,article-4-direction,,,,local-authority-eng:GRE,article-4-direction,2021-08-31T16:13:35.530Z,,
,article-4-direction,,,,local-authority-eng:GRT,article-4-direction,2021-08-31T16:13:35.530Z,,
,article-4-direction,,,,local-authority-eng:GRY,article-4-direction,2021-08-31T16:13:35.530Z,,
,article-4-direction,,,,local-authority-eng:HAA,article-4-direction,2021-08-31T16:13:35.530Z,,
,article-4-direction,,,,local-authority-eng:HAE,article-4-direction,2021-08-31T16:13:35.530Z,,
,article-4-direction,,,,local-authority-eng:HAG,article-4-direction,2021-08-31T16:13:35.530Z,,
,article-4-direction,,,,local-authority-eng:HAL,article-4-direction,2021-08-31T16:13:35.530Z,,
,article-4-direction,,,,local-authority-eng:HAO,article-4-direction,2021-08-31T16:13:35.530Z,,
,article-4-direction,,,,local-authority-eng:HAR,article-4-direction,2021-08-31T16:13:35.530Z,,
,article-4-direction,,,,local-authority-eng:HAS,article-4-direction,2021-08-31T16:13:35.530Z,,
,article-4-direction,,,,local-authority-eng:HAT,article-4-direction,2021-08-31T16:13:35.530Z,,
,article-4-direction,,,,local-authority-eng:HAV,article-4-direction,2021-08-31T16:13:35.530Z,,
,article-4-direction,,,,local-authority-eng:HCK,article-4-direction,2021-08-31T16:13:35.530Z,,
,article-4-direction,,,,local-authority-eng:HEF,article-4-direction,2021-08-31T16:13:35.530Z,,
,article-4-direction,,,,local-authority-eng:HER,article-4-direction,2021-08-31T16:13:35.531Z,,
,article-4-direction,,,,local-authority-eng:HIG,article-4-direction,2021-08-31T16:13:35.531Z,,
,article-4-direction,,,,local-authority-eng:HIL,article-4-direction,2021-08-31T16:13:35.531Z,,
,article-4-direction,,,,local-authority-eng:HIN,article-4-direction,2021-08-31T16:13:35.531Z,,
,article-4-direction,,,,local-authority-eng:HMF,article-4-direction,2021-08-31T16:13:35.531Z,,
,article-4-direction,,,,local-authority-eng:HNS,article-4-direction,2021-08-31T16:13:35.531Z,,
,article-4-direction,,,,local-authority-eng:HOR,article-4-direction,2021-08-31T16:13:35.531Z,,
,article-4-direction,,,,local-authority-eng:HPL,article-4-direction,2021-08-31T16:13:35.531Z,,
,article-4-direction,,,,local-authority-eng:HRW,article-4-direction,2021-08-31T16:13:35.531Z,,
,article-4-direction,,,,local-authority-eng:HRY,article-4-direction,2021-08-31T16:13:35.531Z,,
,article-4-direction,,,,local-authority-eng:HUN,article-4-direction,2021-08-31T16:13:35.531Z,,
,article-4-direction,,,,local-authority-eng:HYN,article-4-direction,2021-08-31T16:13:35.531Z,,
,article-4-direction,,,,local-authority-eng:IOS,article-4-direction,2021-08-31T16:13:35.531Z,,
,article-4-direction,,,,local-authority-eng:IOW,article-4-direction,2021-08-31T16:13:35.531Z,,
,article-4-direction,,,,local-authority-eng:IPS,article-4-direction,2021-08-31T16:13:35.531Z,,
,article-4-direction,,,,local-authority-eng:ISL,article-4-direction,2021-08-31T16:13:35.531Z,,
,article-4-direction,,,,local-authority-eng:KEC,article-4-direction,2021-08-31T16:13:35.531Z,,
,article-4-direction,,,,local-authority-eng:KET,article-4-direction,2021-08-31T16:13:35.531Z,,
,article-4-direction,,,,local-authority-eng:KHL,article-4-direction,2021-08-31T16:13:35.531Z,,
,article-4-direction,,,,local-authority-eng:KIN,article-4-direction,2021-08-31T16:13:35.531Z,,
,article-4-direction,,,,local-authority-eng:KIR,article-4-direction,2021-08-31T16:13:35.531Z,,
,article-4-direction,,,,local-authority-eng:KTT,article-4-direction,2021-08-31T16:13:35.531Z,,
,article-4-direction,,,,local-authority-eng:KWL,article-4-direction,2021-08-31T16:13:35.531Z,,
,article-4-direction,,,,local-authority-eng:LAC,article-4-direction,2021-08-31T16:13:35.531Z,,
,article-4-direction,,,,local-authority-eng:LCE,article-4-direction,2021-08-31T16:13:35.531Z,,
,article-4-direction,,,,local-authority-eng:LDS,article-4-direction,2021-08-31T16:13:35.531Z,,
,article-4-direction,,,,local-authority-eng:LEE,article-4-direction,2021-08-31T16:13:35.531Z,,
,article-4-direction,,,,local-authority-eng:LEW,article-4-direction,2021-08-31T16:13:35.532Z,,
,article-4-direction,,,,local-authority-eng:LIC,article-4-direction,2021-08-31T16:13:35.532Z,,
,article-4-direction,,,,local-authority-eng:LIF,article-4-direction,2021-08-31T16:13:35.532Z,,
,article-4-direction,,,,local-authority-eng:LIV,article-4-direction,2021-08-31T16:13:35.532Z,,
,article-4-direction,,,,local-authority-eng:LND,article-4-direction,2021-08-31T16:13:35.532Z,,
,article-4-direction,,,,local-authority-eng:LUT,article-4-direction,2021-08-31T16:13:35.532Z,,
,article-4-direction,,,,local-authority-eng:MAI,article-4-direction,2021-08-31T16:13:35.532Z,,
,article-4-direction,,,,local-authority-eng:MAL,article-4-direction,2021-08-31T16:13:35.532Z,,
,article-4-direction,,,,local-authority-eng:MAN,article-4-direction,2021-08-31T16:13:35.532Z,,
,article-4-direction,,,,local-authority-eng:MAS,article-4-direction,2021-08-31T16:13:35.532Z,,
,article-4-direction,,,,local-authority-eng:MAV,article-4-direction,2021-08-31T16:13:35.532Z,,
,article-4-direction,,,,local-authority-eng:MDB,article-4-direction,2021-08-31T16:13:35.532Z,,
,article-4-direction,,,,local-authority-eng:MDE,article-4-direction,2021-08-31T16:13:35.532Z,,
,article-4-direction,,,,local-authority-eng:MDW,article-4-direction,2021-08-31T16:13:35.532Z,,
,article-4-direction,,,,local-authority-eng:MEL,article-4-direction,2021-08-31T16:13:35.532Z,,
,article-4-direction,,,,local-authority-eng:MEN,article-4-direction,2021-08-31T16:13:35.532Z,,
,article-4-direction,,,,local-authority-eng:MIK,article-4-direction,2021-08-31T16:13:35.532Z,,
,article-4-direction,,,,local-authority-eng:MOL,article-4-direction,2021-08-31T16:13:35.532Z,,
,article-4-direction,,,,local-authority-eng:MRT,article-4-direction,2021-08-31T16:13:35.532Z,,
,article-4-direction,,,,local-authority-eng:MSS,article-4-direction,2021-08-31T16:13:35.532Z,,
,article-4-direction,,,,local-authority-eng:MSU,article-4-direction,2021-08-31T16:13:35.532Z,,
,article-4-direction,,,,local-authority-eng:NBL,article-4-direction,2021-08-31T16:13:35.532Z,,
,article-4-direction,,,,local-authority-eng:NDE,article-4-direction,2021-08-31T16:13:35.532Z,,
,article-4-direction,,,,local-authority-eng:NDO,article-4-direction,2021-08-31T16:13:35.532Z,,2019-03-31
,article-4-direction,,,,local-authority-eng:NEA,article-4-direction,2021-08-31T16:13:35.532Z,,
,article-4-direction,,,,local-authority-eng:NEC,article-4-direction,2021-08-31T16:13:35.532Z,,
,article-4-direction,,,,local-authority-eng:NED,article-4-direction,2021-08-31T16:13:35.532Z,,
,article-4-direction,,,,local-authority-eng:NEL,article-4-direction,2021-08-31T16:13:35.532Z,,
,article-4-direction,,,,local-authority-eng:NET,article-4-direction,2021-08-31T16:13:35.532Z,,
,article-4-direction,,,,local-authority-eng:NEW,article-4-direction,2021-08-31T16:13:35.532Z,,
,article-4-direction,,,,local-authority-eng:NGM,article-4-direction,2021-08-31T16:13:35.532Z,,
,article-4-direction,,,,local-authority-eng:NHE,article-4-direction,2021-08-31T16:13:35.532Z,,
,article-4-direction,,,,local-authority-eng:NKE,article-4-direction,2021-08-31T16:13:35.532Z,,
,article-4-direction,,,,local-authority-eng:NLN,article-4-direction,2021-08-31T16:13:35.532Z,,
,article-4-direction,,,,local-authority-eng:NNO,article-4-direction,2021-08-31T16:13:35.532Z,,
,article-4-direction,,,,local-authority-eng:NNUA,article-4-direction,2021-08-31T16:13:35.532Z,,
,article-4-direction,,,,local-authority-eng:NOR,article-4-direction,2021-08-31T16:13:35.532Z,,
,article-4-direction,,,,local-authority-eng:NOW,article-4-direction,2021-08-31T16:13:35.532Z,,
,article-4-direction,,,,local-authority-eng:NSM,article-4-direction,2021-08-31T16:13:35.532Z,,
,article-4-direction,,,,local-authority-eng:NTY,article-4-direction,2021-08-31T16:13:35.532Z,,
,article-4-direction,,,,local-authority-eng:NUN,article-4-direction,2021-08-31T16:13:35.532Z,,
,article-4-direction,,,,local-authority-eng:NWA,article-4-direction,2021-08-31T16:13:35.532Z,,
,article-4-direction,,,,local-authority-eng:NWL,article-4-direction,2021-08-31T16:13:35.532Z,,
,article-4-direction,,,,local-authority-eng:NWM,article-4-direction,2021-08-31T16:13:35.532Z,,
,article-4-direction,,,,local-authority-eng:OAD,article-4-direction,2021-08-31T16:13:35.532Z,,
,article-4-direction,,,,local-authority-eng:OLD,article-4-direction,2021-08-31T16:13:35.532Z,,
,article-4-direction,,,,local-authority-eng:OXO,article-4-direction,2021-08-31T16:13:35.533Z,,
,article-4-direction,,,,local-authority-eng:PEN,article-4-direction,2021-08-31T16:13:35.533Z,,
,article-4-direction,,,,local-authority-eng:PLY,article-4-direction,2021-08-31T16:13:35.533Z,,
,article-4-direction,,,,local-authority-eng:POL,article-4-direction,2021-08-31T16:13:35.533Z,,2019-03-31
,article-4-direction,,,,local-authority-eng:POR,article-4-direction,2021-08-31T16:13:35.533Z,,
,article-4-direction,,,,local-authority-eng:PRE,article-4-direction,2021-08-31T16:13:35.533Z,,
,article-4-direction,,,,local-authority-eng:PTE,article-4-direction,2021-08-31T16:13:35.533Z,,
,article-4-direction,,,,local-authority-eng:PUR,article-4-direction,2021-08-31T16:13:35.533Z,,2019-03-31
,article-4-direction,,,,local-authority-eng:RCC,article-4-direction,2021-08-31T16:13:35.533Z,,
,article-4-direction,,,,local-authority-eng:RCH,article-4-direction,2021-08-31T16:13:35.533Z,,
,article-4-direction,,,,local-authority-eng:RDB,article-4-direction,2021-08-31T16:13:35.533Z,,
,article-4-direction,,,,local-authority-eng:RDG,article-4-direction,2021-08-31T16:13:35.533Z,,
,article-4-direction,,,,local-authority-eng:RED,article-4-direction,2021-08-31T16:13:35.533Z,,
,article-4-direction,,,,local-authority-eng:REI,article-4-direction,2021-08-31T16:13:35.533Z,,
,article-4-direction,,,,local-authority-eng:RIB,article-4-direction,2021-08-31T16:13:35.533Z,,
,article-4-direction,,,,local-authority-eng:RIC,article-4-direction,2021-08-31T16:13:35.533Z,,
,article-4-direction,,,,local-authority-eng:RIH,article-4-direction,2021-08-31T16:13:35.533Z,,
,article-4-direction,,,,local-authority-eng:ROC,article-4-direction,2021-08-31T16:13:35.533Z,,
,article-4-direction,,,,local-authority-eng:ROH,article-4-direction,2021-08-31T16:13:35.533Z,,
,article-4-direction,,,,local-authority-eng:ROS,article-4-direction,2021-08-31T16:13:35.533Z,,
,article-4-direction,,,,local-authority-eng:ROT,article-4-direction,2021-08-31T16:13:35.533Z,,
,article-4-direction,,,,local-authority-eng:RUG,article-4-direction,2021-08-31T16:13:35.533Z,,
,article-4-direction,,,,local-authority-eng:RUH,article-4-direction,2021-08-31T16:13:35.533Z,,
,article-4-direction,,,,local-authority-eng:RUN,article-4-direction,2021-08-31T16:13:35.533Z,,
,article-4-direction,,,,local-authority-eng:RUS,article-4-direction,2021-08-31T16:13:35.533Z,,
,article-4-direction,,,,local-authority-eng:RUT,article-4-direction,2021-08-31T16:13:35.533Z,,
,article-4-direction,,,,local-authority-eng:RYE,article-4-direction,2021-08-31T16:13:35.533Z,,
,article-4-direction,,,,local-authority-eng:SAL,article-4-direction,2021-08-31T16:13:35.533Z,,
,article-4-direction,,,,local-authority-eng:SAW,article-4-direction,2021-08-31T16:13:35.533Z,,
,article-4-direction,,,,local-authority-eng:SBU,article-4-direction,2021-08-31T16:13:35.533Z,,2020-03-31
,article-4-direction,,,,local-authority-eng:SCA,article-4-direction,2021-08-31T16:13:35.533Z,,
,article-4-direction,,,,local-authority-eng:SCE,article-4-direction,2021-08-31T16:13:35.533Z,,
,article-4-direction,,,,local-authority-eng:SDE,article-4-direction,2021-08-31T16:13:35.533Z,,
,article-4-direction,,,,local-authority-eng:SED,article-4-direction,2021-08-31T16:13:35.533Z,,2019-03-31
,article-4-direction,,,,local-authority-eng:SEG,article-4-direction,2021-08-31T16:13:35.533Z,,
,article-4-direction,,,,local-authority-eng:SEL,article-4-direction,2021-08-31T16:13:35.533Z,,
,article-4-direction,,,,local-authority-eng:SEV,article-4-direction,2021-08-31T16:13:35.533Z,,
,article-4-direction,,,,local-authority-eng:SFT,article-4-direction,2021-08-31T16:13:35.533Z,,
,article-4-direction,,,,local-authority-eng:SGC,article-4-direction,2021-08-31T16:13:35.533Z,,
,article-4-direction,,,,local-authority-eng:SHA,article-4-direction,2021-08-31T16:13:35.533Z,,
,article-4-direction,,,,local-authority-eng:SHE,article-4-direction,2021-08-31T16:13:35.533Z,,
,article-4-direction,,,,local-authority-eng:SHF,article-4-direction,2021-08-31T16:13:35.533Z,,
,article-4-direction,,,,local-authority-eng:SHN,article-4-direction,2021-08-31T16:13:35.533Z,,
,article-4-direction,,,,local-authority-eng:SHO,article-4-direction,2021-08-31T16:13:35.533Z,,
,article-4-direction,,,,local-authority-eng:SHR,article-4-direction,2021-08-31T16:13:35.533Z,,
,article-4-direction,,,,local-authority-eng:SKE,article-4-direction,2021-08-31T16:13:35.533Z,,
,article-4-direction,,,,local-authority-eng:SKP,article-4-direction,2021-08-31T16:13:35.533Z,,
,article-4-direction,,,,local-authority-eng:SLA,article-4-direction,2021-08-31T16:13:35.533Z,,
,article-4-direction,,,,local-authority-eng:SLF,article-4-direction,2021-08-31T16:13:35.533Z,,
,article-4-direction,,,,local-authority-eng:SLG,article-4-direction,2021-08-31T16:13:35.534Z,,
,article-4-direction,,,,local-authority-eng:SND,article-4-direction,2021-08-31T16:13:35.534Z,,
,article-4-direction,,,,local-authority-eng:SNO,article-4-direction,2021-08-31T16:13:35.534Z,,
,article-4-direction,,,,local-authority-eng:SNR,article-4-direction,2021-08-31T16:13:35.534Z,,
,article-4-direction,,,,local-authority-eng:SOL,article-4-direction,2021-08-31T16:13:35.534Z,,
,article-4-direction,,,,local-authority-eng:SOS,article-4-direction,2021-08-31T16:13:35.534Z,,
,article-4-direction,,,,local-authority-eng:SOX,article-4-direction,2021-08-31T16:13:35.534Z,,
,article-4-direction,,,,local-authority-eng:SPE,article-4-direction,2021-08-31T16:13:35.534Z,,
,article-4-direction,,,,local-authority-eng:SRI,article-4-direction,2021-08-31T16:13:35.534Z,,
,article-4-direction,,,,local-authority-eng:SSO,article-4-direction,2021-08-31T16:13:35.534Z,,
,article-4-direction,,,,local-authority-eng:SST,article-4-direction,2021-08-31T16:13:35.534Z,,
,article-4-direction,,,,local-authority-eng:STA,article-4-direction,2021-08-31T16:13:35.534Z,,
,article-4-direction,,,,local-authority-eng:STE,article-4-direction,2021-08-31T16:13:35.534Z,,
,article-4-direction,,,,local-authority-eng:STF,article-4-direction,2021-08-31T16:13:35.534Z,,
,article-4-direction,,,,local-authority-eng:STH,article-4-direction,2021-08-31T16:13:35.534Z,,
,article-4-direction,,,,local-authority-eng:STN,article-4-direction,2021-08-31T16:13:35.534Z,,
,article-4-direction,,,,local-authority-eng:STO,article-4-direction,2021-08-31T16:13:35.534Z,,
,article-4-direction,,,,local-authority-eng:STR,article-4-direction,2021-08-31T16:13:35.534Z,,
,article-4-direction,,,,local-authority-eng:STT,article-4-direction,2021-08-31T16:13:35.534Z,,
,article-4-direction,,,,local-authority-eng:STV,article-4-direction,2021-08-31T16:13:35.534Z,,
,article-4-direction,,,,local-authority-eng:STY,article-4-direction,2021-08-31T16:13:35.534Z,,
,article-4-direction,,,,local-authority-eng:SUF,article-4-direction,2021-08-31T16:13:35.534Z,,2019-03-31
,article-4-direction,,,,local-authority-eng:SUR,article-4-direction,2021-08-31T16:13:35.534Z,,
,article-4-direction,,,,local-authority-eng:SWD,article-4-direction,2021-08-31T16:13:35.534Z,,
,article-4-direction,,,,local-authority-eng:SWL,article-4-direction,2021-08-31T16:13:35.534Z,,
,article-4-direction,,,,local-authority-eng:SWT,article-4-direction,2021-08-31T16:13:35.534Z,,
,article-4-direction,,,,local-authority-eng:TAM,article-4-direction,2021-08-31T16:13:35.534Z,,
,article-4-direction,,,,local-authority-eng:TAN,article-4-direction,2021-08-31T16:13:35.534Z,,
,article-4-direction,,,,local-authority-eng:TAU,article-4-direction,2021-08-31T16:13:35.534Z,,2019-03-31
,article-4-direction,,,,local-authority-eng:TAW,article-4-direction,2021-08-31T16:13:35.534Z,,
,article-4-direction,,,,local-authority-eng:TEI,article-4-direction,2021-08-31T16:13:35.534Z,,
,article-4-direction,,,,local-authority-eng:TEN,article-4-direction,2021-08-31T16:13:35.534Z,,
,article-4-direction,,,,local-authority-eng:TES,article-4-direction,2021-08-31T16:13:35.534Z,,
,article-4-direction,,,,local-authority-eng:TEW,article-4-direction,2021-08-31T16:13:35.534Z,,
,article-4-direction,,,,local-authority-eng:TFW,article-4-direction,2021-08-31T16:13:35.534Z,,
,article-4-direction,,,,local-authority-eng:THA,article-4-direction,2021-08-31T16:13:35.534Z,,
,article-4-direction,,,,local-authority-eng:THE,article-4-direction,2021-08-31T16:13:35.534Z,,
,article-4-direction,,,,local-authority-eng:THR,article-4-direction,2021-08-31T16:13:35.534Z,,
,article-4-direction,,,,local-authority-eng:TOB,article-4-direction,2021-08-31T16:13:35.534Z,,
,article-4-direction,,,,local-authority-eng:TON,article-4-direction,2021-08-31T16:13:35.534Z,,
,article-4-direction,,,,local-authority-eng:TOR,article-4-direction,2021-08-31T16:13:35.534Z,,
,article-4-direction,,,,local-authority-eng:TRF,article-4-direction,2021-08-31T16:13:35.534Z,,
,article-4-direction,,,,local-authority-eng:TUN,article-4-direction,2021-08-31T16:13:35.534Z,,
,article-4-direction,,,,local-authority-eng:TWH,article-4-direction,2021-08-31T16:13:35.534Z,,
,article-4-direction,,,,local-authority-eng:UTT,article-4-direction,2021-08-31T16:13:35.534Z,,
,article-4-direction,,,,local-authority-eng:VAL,article-4-direction,2021-08-31T16:13:35.534Z,,
,article-4-direction,,,,local-authority-eng:WAE,article-4-direction,2021-08-31T16:13:35.535Z,,
,article-4-direction,,,,local-authority-eng:WAT,article-4-direction,2021-08-31T16:13:35.535Z,,
,article-4-direction,,,,local-authority-eng:WAV,article-4-direction,2021-08-31T16:13:35.535Z,,2019-03-31
,article-4-direction,,,,local-authority-eng:WAW,article-4-direction,2021-08-31T16:13:35.535Z,,
,article-4-direction,,,,local-authority-eng:WBK,article-4-direction,2021-08-31T16:13:35.535Z,,
,article-4-direction,,,,local-authority-eng:WDE,article-4-direction,2021-08-31T16:13:35.535Z,,
,article-4-direction,,,,local-authority-eng:WDO,article-4-direction,2021-08-31T16:13:35.535Z,,2019-03-31
,article-4-direction,,,,local-authority-eng:WEA,article-4-direction,2021-08-31T16:13:35.535Z,,
,article-4-direction,,,,local-authority-eng:WEL,article-4-direction,2021-08-31T16:13:35.535Z,,
,article-4-direction,,,,local-authority-eng:WEW,article-4-direction,2021-08-31T16:13:35.535Z,,
,article-4-direction,,,,local-authority-eng:WEY,article-4-direction,2021-08-31T16:13:35.535Z,,2019-03-31
,article-4-direction,,,,local-authority-eng:WFT,article-4-direction,2021-08-31T16:13:35.535Z,,
,article-4-direction,,,,local-authority-eng:WGN,article-4-direction,2021-08-31T16:13:35.535Z,,
,article-4-direction,,,,local-authority-eng:WIL,article-4-direction,2021-08-31T16:13:35.535Z,,
,article-4-direction,,,,local-authority-eng:WIN,article-4-direction,2021-08-31T16:13:35.535Z,,
,article-4-direction,,,,local-authority-eng:WKF,article-4-direction,2021-08-31T16:13:35.535Z,,
,article-4-direction,,,,local-authority-eng:WLA,article-4-direction,2021-08-31T16:13:35.535Z,,
,article-4-direction,,,,local-authority-eng:WLI,article-4-direction,2021-08-31T16:13:35.535Z,,
,article-4-direction,,,,local-authority-eng:WLL,article-4-direction,2021-08-31T16:13:35.535Z,,
,article-4-direction,,,,local-authority-eng:WLV,article-4-direction,2021-08-31T16:13:35.535Z,,
,article-4-direction,,,,local-authority-eng:WND,article-4-direction,2021-08-31T16:13:35.535Z,,
,article-4-direction,,,,local-authority-eng:WNM,article-4-direction,2021-08-31T16:13:35.535Z,,
,article-4-direction,,,,local-authority-eng:WNUA,article-4-direction,2021-08-31T16:13:35.535Z,,
,article-4-direction,,,,local-authority-eng:WOC,article-4-direction,2021-08-31T16:13:35.535Z,,
,article-4-direction,,,,local-authority-eng:WOI,article-4-direction,2021-08-31T16:13:35.535Z,,
,article-4-direction,,,,local-authority-eng:WOK,article-4-direction,2021-08-31T16:13:35.535Z,,
,article-4-direction,,,,local-authority-eng:WOT,article-4-direction,2021-08-31T16:13:35.535Z,,
,article-4-direction,,,,local-authority-eng:WOX,article-4-direction,2021-08-31T16:13:35.535Z,,
,article-4-direction,,,,local-authority-eng:WRL,article-4-direction,2021-08-31T16:13:35.535Z,,
,article-4-direction,,,,local-authority-eng:WRT,article-4-direction,2021-08-31T16:13:35.535Z,,
,article-4-direction,,,,local-authority-eng:WSK,article-4-direction,2021-08-31T16:13:35.535Z,,
,article-4-direction,,,,local-authority-eng:WSM,article-4-direction,2021-08-31T16:13:35.535Z,,
,article-4-direction,,,,local-authority-eng:WSO,article-4-direction,2021-08-31T16:13:35.535Z,,2019-03-31
,article-4-direction,,,,local-authority-eng:WYC,article-4-direction,2021-08-31T16:13:35.535Z,,
,article-4-direction,,,,local-authority-eng:WYE,article-4-direction,2021-08-31T16:13:35.535Z,,
,article-4-direction,,,,local-authority-eng:WYO,article-4-direction,2021-08-31T16:13:35.535Z,,2020-03-31
,article-4-direction,,,,local-authority-eng:WYR,article-4-direction,2021-08-31T16:13:35.535Z,,
,article-4-direction,,,,local-authority-eng:YOR,article-4-direction,2021-08-31T16:13:35.535Z,,
,article-4-direction,https://lambethopenmappingdata-lambethcouncil.opendata.arcgis.com/datasets/lambethcouncil::article-4/about,55e8c3db23ada8dac1343c4b6dd8ecd71c6b057ee3cea1eec2aa73318f06bc3f,ogl3,local-authority-eng:LBH,article-4-direction,2021-10-29,2021-02-02,
,article-4-direction,https://lambethopenmappingdata-lambethcouncil.opendata.arcgis.com/datasets/lambethcouncil::article-4-b1-to-c3/about,e7a76e75e24a96e2b8cf2ee39cdd7bd4fc7fe5978cc77828434787f457b34d3f,ogl3,local-authority-eng:LBH,article-4-direction,2021-10-29,2020-12-17,
,article-4-direction,https://mapping.canterbury.gov.uk/arcgis/rest/services/External/Planning_Constraints_New/MapServer,351fdbd179616dcf25ce0c4498cbd7fd5a917c5bbedcbc6af9f3f23d546b484d,,local-authority-eng:CAT,article-4-direction,2021-11-11T14:14:25:05Z,,
,article-4-direction,,c2ae5f717ecc02ab2f2a4bbabe7890e8e6ac4d57327c213b95af6ac8c1a95cfe,ogl3,local-authority-eng:SWK,article-4-direction,2021-12-17T15:15:46:36Z,,
,article-4-direction,https://maps.buckscc.gov.uk/arcgis/rest/services/PLANNING/RIPA_BOPS/MapServer/5/,5ba34502eac50d7e748548ae77fd2d0699ddb3167d23a27895682d8d6ca22229,ogl3,local-authority-eng:BUC,article-4-direction,2022-01-13T17:17:35:39Z,,
